lot_area,firstfloor_sqft,living_area,bath,garage_area,price
9439,912,1248,1,160,87000
6292,790,790,1,160,91000
2500,916,1826,1,164,155000
7259,1436,2320,2,180,259500
11500,1020,2057,1,180,250000
13132,892,1784,1,180,138887
10410,808,1656,2,180,135000
6120,939,1513,1,180,137500
10592,900,1502,1,180,165000
6180,986,986,1,180,102000
6000,904,904,1,180,119000
6120,875,875,1,180,105000
7681,820,1343,1,186,154900
6402,596,1192,1,189,78000
8854,952,952,1,192,121000
8600,780,1376,2,198,119500
5720,676,1131,1,200,66500
9084,616,1111,1,200,95000
8212,864,864,1,200,58500
10594,789,789,1,200,96500
9900,1178,2210,2,205,117500
7420,1077,1077,1,205,118000
6000,616,616,1,205,89000
6000,950,1158,1,208,120000
9906,810,1328,1,210,107000
3950,818,1224,1,210,115000
9786,1077,1077,1,210,91000
7500,753,1494,1,213,177500
8520,1664,2526,2,216,136000
7588,901,1802,1,216,200100
6858,841,1647,1,216,128000
5400,1149,1616,2,216,152000
6171,1160,1608,2,216,137450
6292,877,1477,2,216,145000
10320,756,1469,1,216,135000
7642,912,1426,1,216,189950
3600,684,1368,1,216,114504
6000,884,1348,1,216,117000
10800,968,968,2,216,64500
5400,691,691,1,216,86000
8741,798,1487,1,220,113000
5820,1163,1163,1,220,126175
4608,747,747,1,220,80000
8850,815,1690,1,225,144000
6240,1042,1576,1,225,149000
5100,833,1666,1,228,161000
7800,1112,2008,3,230,225000
12000,860,1564,1,234,174500
9340,672,672,1,234,113000
8400,1052,2192,2,240,179500
7200,1136,1904,1,240,138000
9120,1133,1820,2,240,184000
7758,1226,1818,1,240,169500
7200,981,1768,1,240,175000
9000,1089,1750,1,240,124000
13125,960,1740,1,240,219500
11988,849,1660,1,240,188700
7128,918,1646,2,240,164000
10480,1166,1639,1,240,115000
8400,1192,1595,1,240,140000
9490,958,1578,1,240,133000
6120,989,1573,1,240,133000
8405,1088,1529,2,240,98000
9144,988,1505,1,240,145000
9900,944,1489,2,240,139500
3378,707,1389,1,240,135000
9492,968,1376,1,240,105000
6240,896,1344,1,240,115000
6000,757,1324,1,240,128000
8635,1072,1285,1,240,127000
3500,720,1284,1,240,110000
11767,768,1200,1,240,130500
10880,1164,1164,1,240,125000
5436,796,1154,1,240,125500
8160,756,1134,1,240,126000
11664,1082,1082,1,240,119200
9717,1078,1078,1,240,142125
10134,735,1034,1,240,109000
8923,1008,1008,1,240,134500
8000,972,972,1,240,132000
6305,954,954,1,240,119750
8400,913,913,1,240,129000
7200,804,804,1,240,119000
9022,792,792,1,240,109500
7677,773,773,1,240,110000
10200,672,672,1,240,108000
6324,520,520,1,240,68500
7800,1268,1268,1,244,132000
7922,1057,1057,1,246,109000
8400,438,438,1,246,60000
10215,948,948,1,248,111000
9600,842,1472,1,250,125000
8500,649,1317,1,250,40000
6000,789,789,1,250,115000
9042,1188,2340,2,252,266500
9060,1340,1340,1,252,120000
9286,1268,1268,1,252,143500
11600,1180,1180,1,252,137500
13300,928,928,1,252,132000
7000,1134,1134,1,254,135000
5310,1001,1635,1,255,117000
6000,811,1387,2,256,93000
9600,976,1308,1,256,160000
7390,1098,1098,1,260,135000
9250,1056,1056,1,260,139400
6897,1040,1040,1,260,127000
7943,1029,1029,1,261,118500
7590,876,1812,2,264,169500
1680,630,1302,2,264,119500
1890,672,1218,1,264,113000
1680,672,1218,1,264,118000
10000,1144,1144,1,264,131400
10482,1138,1138,1,264,145000
6060,772,1123,1,264,100000
9600,1113,1113,1,264,147000
10382,1095,1095,1,264,140000
1680,525,1092,1,264,88000
8414,1068,1068,1,264,154500
7758,999,999,1,264,132500
1953,483,987,1,264,83000
1680,483,987,1,264,89500
1680,483,987,1,264,118000
1680,483,987,1,264,85400
1680,483,987,1,264,100000
8012,923,923,2,264,143000
6951,923,923,1,264,119500
7892,918,918,2,264,99500
9477,892,892,1,264,110000
8314,816,816,1,264,124500
6600,816,816,1,264,130500
7175,752,752,1,264,125000
7200,851,1502,1,270,149000
10634,1319,1319,1,270,123000
8246,1060,1060,1,270,154000
9600,1041,1041,1,270,124500
5684,813,813,1,270,110000
9600,1112,1668,1,271,140000
8544,1228,1228,1,271,149350
10800,1047,1047,1,273,100000
5784,886,886,1,273,91300
11425,1008,1008,1,275,137000
10150,912,912,1,275,114500
10267,838,838,1,275,130000
9937,1256,1256,1,276,147500
7200,988,988,1,276,119000
7585,1002,1456,1,280,91500
6000,825,1412,1,280,132500
1680,630,1302,2,280,112000
9060,698,1258,1,280,105000
8248,686,1250,1,280,116000
7449,1108,1108,1,280,139400
9920,1063,1063,1,280,128000
6380,1048,1048,1,280,113000
7200,1022,1022,1,280,85000
1869,483,987,1,280,106000
9758,950,950,1,280,119500
8190,948,948,1,280,119000
12180,672,924,1,280,80000
7990,924,924,1,280,110000
9819,900,900,1,280,122000
9353,864,864,1,280,116050
11409,1148,1716,1,281,131000
4500,848,1520,1,281,159434
6000,901,901,1,281,107900
10918,1276,2080,1,282,234000
13710,910,1558,1,282,152000
8475,952,952,1,283,135750
17140,1229,1229,1,284,135000
12342,1422,1422,1,286,139900
9000,1128,1128,1,286,118000
2217,546,1092,1,286,88000
2001,546,1092,1,286,75000
1974,546,1092,1,286,83500
10152,1048,1048,1,286,135000
7560,1040,1040,1,286,133700
1526,630,630,1,286,86000
1477,630,630,1,286,80000
6627,720,720,1,287,72500
10930,1048,1558,1,288,140000
14559,1363,1363,1,288,164900
6930,1352,1352,1,288,130000
12144,1036,1268,1,288,133000
9600,1032,1252,1,288,119000
6993,1236,1236,1,288,135000
10762,626,1217,1,288,120000
7200,581,1111,1,288,101000
5700,572,1111,1,288,116900
10500,576,1109,1,288,139000
11616,1092,1092,1,288,139000
9464,1080,1080,1,288,136000
8400,1052,1052,1,288,138500
1680,483,987,1,288,94500
8926,960,960,1,288,112000
13526,935,935,1,288,137000
6000,928,928,1,288,112500
7800,912,912,1,288,115000
6768,912,912,1,288,142000
6173,902,902,1,288,125500
7838,900,900,1,288,123000
7800,899,899,1,288,130000
7150,892,892,1,288,100000
9858,874,874,1,288,130000
9560,864,864,1,288,128500
7332,864,864,1,288,120000
8877,816,816,1,288,100000
11500,845,845,1,290,84000
11600,1383,1383,1,292,145250
7560,1339,1339,1,294,139000
8400,1314,1314,1,294,145000
8339,882,882,1,294,106500
8400,841,841,1,294,82000
9084,755,1510,1,296,108000
9150,1431,1431,1,296,165000
7200,803,1360,1,297,125500
12400,1215,1215,1,297,155000
9000,1196,1196,1,297,139000
1596,526,988,1,297,91000
7535,912,912,1,297,120000
10900,689,1392,1,299,161750
9364,663,1352,1,299,158000
15870,1096,1096,1,299,138800
14850,1092,1092,1,299,141000
8775,990,990,1,299,126000
13825,1021,1601,1,300,140000
16466,872,1393,1,300,135500
6629,697,1369,2,300,103600
14000,1152,1152,1,300,158500
7945,1150,1150,1,300,141000
10205,999,999,1,300,134500
9920,971,971,1,300,128500
7800,965,965,1,300,119900
8978,948,948,1,300,108000
9100,864,864,1,300,127500
9750,1442,1442,1,301,157900
12772,958,958,1,301,151500
10708,1867,1867,1,303,190000
11250,1104,1788,1,304,161500
8450,1056,1056,1,304,142000
7500,1246,1246,1,305,154000
4712,774,1230,1,305,121600
8280,932,932,1,306,124000
10120,964,1889,1,308,122000
5000,1026,1691,2,308,127000
15576,840,1680,2,308,177000
16905,1328,1328,1,308,170000
7931,1269,1269,1,308,155000
6000,679,1183,1,308,120000
6420,1148,1148,1,308,123500
8176,1056,1056,1,308,139000
7500,1040,1040,1,308,133000
8263,1012,1012,1,308,118400
6000,960,960,1,308,108500
9200,938,938,1,308,130250
5868,936,936,1,308,129000
9100,779,935,1,308,79500
11100,930,930,1,308,84900
10650,894,894,1,308,128200
6600,894,894,1,308,109500
12702,882,882,1,308,97000
7100,816,816,1,308,129900
9000,480,480,0,308,35311
9350,1302,1302,2,309,158000
9480,888,1644,1,312,146500
6435,972,1577,1,312,140200
11512,1357,1357,1,312,177000
21286,720,1271,2,312,135000
11340,1200,1200,1,312,125000
8760,1194,1194,1,312,148000
26142,1188,1188,1,312,157900
12493,1100,1100,1,312,141000
10007,1053,1053,1,312,145500
10496,1168,1846,2,315,143000
11344,874,1524,1,315,144000
10355,1214,1214,2,318,143000
16321,1600,1600,1,319,207500
10800,880,1768,1,320,163000
8250,1211,1211,1,322,134000
9000,832,1482,1,324,143000
9525,1216,1855,2,325,136900
5400,1073,1073,1,326,108480
5400,833,833,1,326,117000
8765,951,951,1,327,106500
8385,985,985,2,328,149900
17503,912,1458,1,330,97500
9638,1699,2447,2,336,169000
21750,1771,1771,1,336,115000
2665,925,1475,2,336,127000
2665,616,1304,1,336,115000
11988,1244,1244,1,336,150000
8480,832,1216,1,336,118500
11553,1159,1159,1,336,158000
9204,1144,1144,1,336,124000
2592,536,1112,1,336,85000
8521,912,912,1,336,125000
8450,894,894,1,336,138500
7000,864,864,1,336,136500
9600,1632,1632,2,338,139000
5400,840,1374,1,338,105000
8967,1077,1077,1,338,67000
9600,1050,1050,1,338,128900
15523,864,864,1,338,133500
7558,1172,1913,1,342,177000
8125,702,1481,2,343,174000
24090,1207,2403,2,349,244400
13673,1696,1696,1,349,143900
9571,1276,1276,1,350,60000
12150,1050,1795,2,352,131500
10624,1728,1728,2,352,119000
5000,889,1440,1,352,79000
10920,1253,1253,1,352,157000
7015,979,1203,1,352,110000
7200,1125,1125,1,352,125000
9525,1099,1099,1,352,144000
12968,912,912,1,352,144000
8593,907,907,1,352,109008
7180,864,864,1,352,127000
7200,780,780,1,352,124900
4280,694,694,1,352,90350
13284,1383,1383,1,354,165000
9880,1118,1118,1,358,171000
45600,1307,2358,3,360,240000
16560,1170,2345,2,360,239000
8100,1075,2138,2,360,106000
6240,1128,1573,2,360,162900
9600,768,1432,2,360,132000
9600,689,1378,2,360,161000
8960,1028,1028,1,360,115000
8281,864,864,1,360,62383
7599,845,845,1,360,129500
5000,803,803,1,360,87000
9000,784,784,1,360,76000
8562,1526,1526,1,364,144500
9600,1520,1520,1,364,153000
10246,960,960,0,364,145000
10625,835,835,1,366,83000
4058,767,767,1,367,133000
12513,1281,1738,2,368,104900
10659,1050,1050,1,368,136500
13053,1053,1848,1,370,207000
21930,734,1838,2,372,192140
10364,806,1572,2,373,168000
15750,1336,1336,1,375,157000
9600,1661,1661,1,377,165500
5790,840,1605,2,379,107400
12168,1940,3194,2,380,359100
2522,970,1709,2,380,130000
2522,970,1709,2,380,130000
2522,970,1709,2,380,137500
3363,976,1708,2,380,130000
7837,799,1571,2,380,178000
8730,698,1396,1,384,153575
8405,961,1367,1,384,119000
11767,796,1346,1,384,112000
8712,859,1178,1,384,102776
9200,1136,1136,1,384,140000
8900,1056,1056,1,384,107000
11200,1040,1040,1,384,129500
9750,980,980,2,384,135500
7094,894,894,1,384,125000
7742,955,955,1,386,127000
15384,788,1490,2,388,184000
13869,794,1470,2,388,177000
3182,1266,1266,2,388,159895
9636,808,1593,2,389,178000
8068,1010,2267,2,390,200000
8755,1022,2060,2,390,214000
12224,1022,2054,2,390,244000
36500,1582,1582,2,390,190000
12589,742,1484,2,390,174000
8461,728,1456,2,390,163990
9125,812,1482,2,392,163900
9738,949,1221,1,392,104900
7200,827,827,1,392,107500
7875,807,1509,2,393,180000
7861,807,1509,2,393,183200
10237,783,1484,2,393,178900
9600,1134,2058,1,396,129500
21780,1163,1674,2,396,185000
8899,1340,1340,2,396,181134
8877,1220,1220,1,396,102000
8445,768,768,1,396,133000
7200,768,768,1,396,133900
6931,760,1656,2,397,165400
10237,1316,1316,2,397,169990
3182,1145,1145,2,397,160200
7415,864,1593,2,398,193000
3072,1414,1414,2,398,178740
7000,865,1310,2,398,112000
7596,960,1960,2,400,124500
11345,928,1920,2,400,137000
13758,1187,1717,2,400,187500
11911,684,1560,2,400,174000
7018,1535,1535,2,400,118858
11435,792,1517,1,400,230000
12155,810,1482,2,400,140000
8530,804,1474,2,400,168500
9018,728,1456,2,400,179540
8029,728,1456,2,400,176000
3196,1456,1456,2,400,215000
9967,774,1430,2,400,170000
7750,774,1430,2,400,180000
9735,754,1394,2,400,167500
7750,660,1320,2,400,162000
8767,1310,1310,2,400,164990
12900,1258,1258,0,400,108959
7500,1221,1221,2,400,185000
9248,1167,1167,2,400,173000
9587,1166,1166,2,400,190000
8544,1040,1040,2,400,87500
8544,1040,1040,2,400,93500
8544,1040,1040,2,400,92900
9450,894,894,1,400,110000
19138,864,864,1,400,141000
10784,802,1472,2,402,160000
7875,1253,1253,2,402,176000
4500,1224,1224,2,402,165000
4500,1216,1216,2,402,164000
9056,707,1414,2,403,178000
11200,1298,1298,2,403,180000
7910,1507,1507,2,404,127000
4500,1337,1337,2,405,153500
21872,729,1446,2,406,175000
7162,904,904,1,408,109900
10832,1086,1895,2,409,194500
13031,691,1498,2,409,187500
7018,1535,1535,2,410,118964
8199,728,1456,2,410,189000
7800,793,1118,1,410,119900
4500,1204,1204,2,412,162000
11207,802,1511,2,413,185000
8892,910,910,1,414,116000
14442,1839,1839,2,416,257500
10800,966,1652,2,416,139000
9600,1644,1644,1,418,167000
10010,1389,1389,1,418,170000
12090,1165,2263,2,420,258000
10615,1014,1699,2,420,95000
5000,1004,1664,2,420,159000
3196,1557,1557,2,420,234000
7685,697,1501,2,420,165600
9765,680,1470,2,420,185000
7200,1048,1048,1,420,98300
7200,1040,1040,1,420,109900
7200,1040,1040,2,420,90000
4438,848,848,1,420,149000
4438,848,848,1,420,144500
4435,848,848,1,420,140000
4435,848,848,1,420,131500
4435,848,848,1,420,155900
4435,848,848,1,420,144000
4435,848,848,1,420,136500
4426,848,848,1,420,141000
4426,848,848,1,420,143000
4426,848,848,1,420,149300
23257,887,2021,2,422,274725
9303,888,1756,2,422,204000
12508,983,1750,2,423,160000
17671,916,1742,1,424,168000
9317,1006,1775,2,425,213000
17104,664,1496,2,426,179665
10141,885,1718,2,427,185000
8738,1005,2291,2,429,230000
15578,728,1456,2,429,172785
9100,925,925,1,429,117500
3182,1555,1555,2,430,192500
16158,1530,1530,2,430,260000
3182,1269,1269,2,430,192000
8536,1125,1125,1,430,155000
15660,1137,1954,1,431,311500
14191,993,1908,2,431,202900
11214,956,1886,2,431,199900
8000,773,1658,2,431,188000
2887,1291,1291,1,431,173000
6600,1378,2372,2,432,107500
19690,1575,2201,2,432,274970
11275,1096,1991,1,432,220000
7795,716,1432,2,432,188500
8499,616,1412,2,432,156932
13360,964,964,1,432,163500
10921,960,960,1,432,94750
5890,816,816,1,432,120500
12394,847,1733,2,433,225000
9120,1261,1261,1,433,163000
9505,884,2035,2,434,222500
11796,847,1959,2,434,215000
12393,847,1948,2,434,195000
8200,847,1928,2,434,219500
11475,811,1552,2,434,179900
17043,1586,1586,2,435,181000
8993,1302,1302,2,436,176485
9600,1067,1067,2,436,128000
3182,1504,1504,2,437,191000
8125,1112,1550,2,438,241000
3010,1248,1248,2,438,167240
9590,1146,1146,2,438,187500
39104,1363,1363,1,439,241500
10000,1178,1178,1,439,157000
10570,1549,2727,2,440,315000
6204,954,2230,1,440,118500
7851,860,1960,2,440,216500
9142,908,1928,2,440,137000
9760,1020,1851,2,440,187000
9786,1085,1734,1,440,159000
10335,1721,1721,2,440,180000
8244,840,1720,2,440,183500
11184,918,1683,2,440,172500
8737,915,1635,1,440,210000
14145,1621,1621,2,440,202500
2117,769,1573,2,440,177500
2308,804,1548,2,440,155000
2117,769,1525,2,440,177000
2117,756,1512,2,440,168500
3013,1506,1506,2,440,213490
2280,757,1501,2,440,179400
3230,742,1471,2,440,172500
3230,729,1458,2,440,176000
11103,728,1456,2,440,155835
2280,855,1456,2,440,148500
2280,855,1456,2,440,146000
2289,855,1441,2,440,148500
7950,698,1426,1,440,159500
7844,672,1400,1,440,149500
11616,672,1386,2,440,158900
2368,765,1365,1,440,125000
1920,765,1365,1,440,122500
8658,1324,1324,2,440,160000
2308,855,1322,2,440,147000
11175,1316,1316,2,440,200141
9317,1314,1314,2,440,176432
2016,630,1302,2,440,106000
6911,1301,1301,1,440,100000
10440,682,1230,1,440,110000
6000,869,1218,1,440,131000
4800,1196,1196,1,440,109900
8546,1121,1121,2,440,140000
4400,734,1118,1,440,116000
10000,1116,1116,1,440,160000
6000,1103,1103,1,440,110500
4043,1069,1069,2,440,140000
4043,1069,1069,2,440,127500
8816,1052,1052,1,440,155000
7930,1026,1026,1,440,156000
10356,969,969,1,440,122000
4928,958,958,2,440,128000
4928,958,958,2,440,143750
13350,894,894,1,440,142500
11888,1445,2134,2,441,214500
11700,829,1556,1,441,154000
7700,1051,1839,1,442,155000
7500,1028,1804,2,442,189000
9760,798,1611,1,442,167900
8400,1478,1478,1,442,156500
12205,976,2087,2,444,187500
5271,1453,1453,1,445,190000
10552,1700,1700,1,447,165500
10011,1236,1236,1,447,134450
21000,2259,2259,2,450,217000
7024,1090,1090,1,450,157000
6120,1015,1015,1,450,88000
9764,894,894,1,450,130000
8724,894,894,1,450,129000
13650,1252,1920,2,451,172500
10261,962,1792,2,451,186500
9750,1630,1630,2,451,213000
11310,1375,1375,1,451,140000
7024,1132,1132,1,451,176000
13680,1733,1733,2,452,139600
1950,716,1556,2,452,151000
25095,1473,1473,1,452,143000
7590,660,1348,1,453,155000
7500,1266,1266,2,453,176000
14364,1180,2062,2,454,277000
17920,1779,1779,1,454,170000
9920,1127,2013,2,455,269790
8820,1188,1869,1,456,124900
7875,1144,1144,1,456,139950
9453,1014,1744,2,457,194500
3182,1504,1504,2,457,181000
9790,1342,1342,2,457,161500
11900,1392,1392,1,458,166000
11235,1382,1382,1,459,148000
8121,953,1664,2,460,172400
7917,953,1647,2,460,175000
8773,916,1600,2,460,169000
7577,1362,1362,2,460,194700
9600,1262,1262,2,460,181500
10420,1212,1212,2,460,186000
9750,1054,1054,1,460,151000
9300,1264,1264,1,461,167500
8800,1251,1251,1,461,160000
9170,1214,1214,1,461,140000
3696,1088,1088,1,461,170000
8892,1065,1065,1,461,126500
7700,882,882,1,461,112500
16059,1301,2417,2,462,260000
11218,1055,1845,2,462,189000
9084,955,1632,2,462,176500
10793,780,1620,2,462,152000
8400,1537,1537,1,462,174000
9156,1489,1489,2,462,185750
5395,1337,1337,2,462,180000
2160,624,1252,2,462,160000
1300,561,1229,1,462,124000
9842,1224,1224,2,462,101800
8880,1222,2110,2,463,205000
8123,1007,1800,2,463,179000
8063,948,1690,2,463,181000
8120,864,864,1,463,124500
9828,1142,2020,2,466,239500
4230,1352,1352,2,466,208900
29959,979,1850,2,467,248000
12546,1440,1440,2,467,182900
6120,1022,1774,2,468,129900
10690,672,1344,1,468,147000
14115,1811,1811,1,470,230000
15426,928,1764,2,470,231500
10839,926,1604,2,470,181000
7540,912,912,1,470,156000
9554,1065,1911,2,471,215000
8462,936,1721,2,471,201000
6853,1296,1296,2,471,220000
10852,959,1671,2,472,173000
9042,943,1638,2,472,192000
10264,1588,1588,2,472,214000
10004,1516,1516,1,472,167000
9037,1484,1484,2,472,265900
4671,1228,1228,2,472,189000
10846,1719,1719,1,473,324000
10125,1279,1279,2,473,171500
14006,936,1776,2,474,192500
2628,764,1626,2,474,175500
2448,764,1626,2,474,154000
2268,764,1626,2,474,173000
9158,1496,1496,2,474,225000
6955,1368,1368,2,474,202500
6792,1368,1368,2,474,202665
13517,725,1479,2,475,130500
9206,977,1732,2,476,178000
8400,888,1564,2,476,171000
12090,1140,1868,3,477,178000
9187,1766,1766,2,478,370878
11880,1601,1601,2,478,157000
11361,1523,1523,2,478,180000
11883,1504,1504,2,478,203000
3136,1405,1405,2,478,171750
10140,1350,1350,2,478,165000
10400,1370,1370,2,479,152000
11600,1105,2274,2,480,154300
2645,983,1739,2,480,172500
17871,1724,1724,1,480,197900
10300,902,1710,2,480,140000
9855,1689,1689,1,480,127500
10603,1610,1610,2,480,205000
9937,1486,1486,1,480,167000
12886,1464,1464,2,480,175000
11639,1428,1428,2,480,182000
14115,796,1362,1,480,143000
8500,1235,1235,1,480,98600
2544,520,1223,2,480,147400
3182,600,1200,2,480,151000
3180,520,1200,2,480,151000
3180,520,1200,2,480,144152
11000,1154,1154,1,480,154000
8816,1121,1121,1,480,139000
5105,551,1102,2,480,148800
9672,1097,1097,2,480,152000
8800,1054,1054,1,480,137500
11241,1004,1004,1,480,149000
8072,990,990,1,480,138000
8520,968,968,1,480,100000
8294,872,872,1,480,123000
9549,1494,1494,1,481,270000
5587,1652,1652,2,482,392500
3842,1646,1646,2,482,275000
10480,1098,1964,2,483,205000
7056,983,1796,1,483,140000
32668,2515,2515,3,484,200624
13005,1153,2353,2,484,260000
10382,1107,2090,2,484,200000
11426,1362,2082,2,484,200000
10304,1088,1868,2,484,197500
9100,1836,1836,2,484,216837
13125,1803,1803,2,484,155000
15602,1801,1801,2,484,289000
10400,1012,1790,1,484,165150
12155,1657,1657,2,484,163500
9130,800,1632,1,484,173000
7153,810,1603,2,484,175900
7472,725,1479,1,484,184000
4403,1478,1478,2,484,222000
8450,1436,1436,2,484,210000
2572,696,1416,2,484,155000
6442,1370,1370,2,484,202500
7052,1364,1364,2,484,185850
8198,1358,1358,2,484,207000
6371,1358,1358,2,484,224000
9503,1344,1344,1,484,144000
8049,1339,1339,2,484,180000
5500,926,1316,1,484,130000
10140,1309,1309,1,484,181000
11049,1234,1234,2,484,179900
14112,1152,1152,1,484,180500
13072,1141,1141,1,484,142500
17400,1126,1126,2,484,160000
13400,1086,1086,1,484,159950
9187,1080,1080,1,484,134000
8800,1040,1040,2,484,150500
7064,980,980,1,484,135000
8885,902,902,1,484,131000
8520,720,720,1,484,105900
13600,1186,1986,2,486,205000
9900,1098,1978,2,486,176000
16770,1195,1839,2,486,221000
14200,1216,2157,2,487,226000
10192,1222,1920,3,487,170000
12243,1484,1484,2,487,175000
10762,1005,1983,2,490,225000
9247,858,1716,1,490,171000
9991,1620,1620,2,490,150000
2651,673,1382,2,490,165000
9020,1165,1165,1,490,174900
10200,1086,1086,1,490,144900
7136,979,1958,2,492,145000
13450,920,1861,2,492,200000
13700,902,1820,1,492,201800
12134,1080,1752,2,492,164000
2645,764,1441,2,492,174000
8471,1212,1212,1,492,151000
8750,933,1908,2,493,210000
8935,831,1660,2,493,195000
8773,1414,1414,2,494,185500
14803,1097,1993,2,495,190000
8731,1167,1167,1,495,144000
10452,1094,1094,1,495,155000
10140,1074,1074,1,495,153500
10421,980,1714,2,496,196500
7153,1294,1294,2,496,179200
12936,735,1395,1,497,162000
9947,1217,1217,2,497,173000
17600,1478,1478,2,498,157500
8532,1297,1297,1,498,153000
5664,1659,1659,2,499,278000
5330,1652,1652,2,499,251000
13175,2073,2073,2,500,210000
11317,840,1668,2,500,180000
10182,1660,1660,2,500,290000
11851,1442,1442,2,500,180500
14963,1288,1288,1,500,245500
12537,1078,1078,1,500,149900
53107,1079,1953,2,501,240000
24682,892,1675,2,502,181000
10635,1668,1668,2,502,232000
6155,751,1362,2,502,128000
9350,1265,1265,2,502,179900
11606,1040,2080,1,504,135000
11194,1454,1936,2,504,230500
5306,1064,1767,2,504,239000
9100,1728,1728,2,504,125000
10197,1362,1362,1,504,163000
7917,1113,1113,1,504,148000
8250,1092,1092,1,504,145000
8712,1044,1044,1,504,55993
11625,1039,1039,1,504,131500
10530,1004,1004,1,504,135000
9180,884,884,1,504,144000
5232,764,764,1,504,73000
27650,2069,2069,2,505,242000
10005,1156,2022,2,505,192000
12160,1505,1505,1,505,149500
7200,1260,2291,2,506,133900
10041,927,1915,2,506,220000
9291,832,1710,2,506,187000
5119,1709,1709,2,506,328900
9246,1656,1656,2,506,135000
3735,713,1452,2,506,183900
7763,1283,1283,1,506,140000
20781,2156,2156,2,508,262500
13125,1493,1493,2,508,208900
8814,1274,1274,2,508,203000
13000,1182,2142,2,509,193500
11316,824,1894,2,510,214900
16669,1707,1707,2,511,228000
4060,1337,1337,2,511,181000
9600,1094,1855,2,512,187000
8750,909,1716,2,512,191000
4571,624,1344,1,513,98000
11839,1532,2329,2,514,262280
16196,1494,1494,2,514,215000
9500,1394,1394,1,514,159000
10289,1073,1073,1,515,156000
13651,2223,2223,2,516,244000
10791,1296,1296,2,516,90000
11120,1232,1232,2,516,162500
8472,816,816,1,516,110000
17542,1516,2167,2,518,294000
10440,1584,2792,2,520,256000
10800,1766,2414,2,520,160000
13515,1060,1824,1,520,180500
8366,798,1640,2,520,173000
8320,770,1582,2,520,185900
9020,1350,1350,1,520,168500
8777,1126,1126,2,520,108000
21750,988,988,1,520,113000
10029,1164,2060,2,521,211000
11249,1200,1200,2,521,177500
11160,2110,2110,2,522,244000
11838,1788,1788,2,522,236500
8750,804,1682,2,523,200500
10944,1223,2127,2,525,271000
14375,1344,1344,1,525,137500
8700,1128,1128,2,525,155000
3675,1072,1072,1,525,148000
3675,1072,1072,2,525,140000
3675,1072,1072,1,525,145000
10628,1277,1277,1,526,167000
8924,880,1724,2,527,188000
10593,1720,1720,2,527,260400
8749,1459,1459,2,527,192000
8529,1434,1434,2,527,189000
7750,779,1419,2,527,184100
7018,1120,2240,2,528,142953
10680,2136,2136,2,528,137900
11500,1680,1680,2,528,136905
8400,810,1665,2,528,227000
10140,832,1664,2,528,162900
31770,1656,1656,1,528,215000
21384,1072,1576,1,528,223500
6820,1502,1502,1,528,212000
17755,1466,1466,1,528,149900
10768,1437,1437,2,528,218000
11341,1392,1392,1,528,121500
7740,741,1363,1,528,125500
9790,1328,1328,1,528,143000
8197,1285,1285,1,528,143500
11040,1258,1258,2,528,145000
10721,1252,1252,1,528,142000
4251,625,1250,2,528,164700
9600,1242,1242,1,528,175500
7018,1224,1224,0,528,153337
3951,612,1224,2,528,164500
3000,612,1224,2,528,173733
12354,684,1196,1,528,110000
6240,816,1176,1,528,114500
10625,1173,1173,2,528,170000
9600,1164,1164,1,528,140000
4224,1142,1142,1,528,134000
7500,698,1128,1,528,68400
12000,1122,1122,1,528,147000
10206,944,944,1,528,82000
9000,864,864,1,528,120500
8740,860,860,1,528,137000
7227,832,832,1,528,105500
5825,747,747,1,528,79900
53227,1663,1663,1,529,256000
16635,1602,1602,2,529,215000
8012,1575,1575,2,529,179200
8640,1372,1372,2,529,250580
11075,1168,1968,2,530,172000
10400,1682,1682,2,530,174000
12803,1494,1494,2,530,221000
4282,1391,1391,2,530,196000
7892,1199,1199,2,530,153900
11885,1299,1872,2,531,261500
8450,1337,1337,2,531,185000
12160,1188,1188,1,531,142000
11414,1136,2019,1,532,167500
12182,1541,1541,2,532,220000
9135,1536,1536,2,532,214000
10171,1535,1535,2,532,214000
14000,1306,2260,2,533,328000
8012,1617,1617,2,533,193000
11952,1161,1969,2,534,190000
9742,1795,1795,2,534,230000
13860,2000,2704,2,538,345000
28698,1160,2126,2,538,185000
4750,1625,1625,2,538,235000
16659,1468,2263,2,539,235000
8930,1318,1902,2,539,112000
11700,1041,1743,1,539,175000
10125,1302,1734,2,539,126000
8450,1349,1349,2,539,179000
6240,848,1208,1,539,103000
8910,1194,1194,1,539,159500
11333,1062,1062,1,539,146800
12342,861,861,1,539,82500
13728,1236,2108,2,540,235000
9500,1127,1977,1,540,165000
9120,943,1876,2,540,185000
16381,1844,1844,2,540,223000
21695,1680,1680,2,540,222000
8633,738,1476,2,540,173500
3604,703,1392,2,540,146000
7728,1190,1190,1,540,132500
15611,1126,1126,2,540,175000
21453,988,988,1,540,180000
10678,2129,2872,2,541,285000
11404,1153,2031,2,541,222500
9100,1525,1525,2,541,235000
9600,2524,2524,2,542,278000
20544,1236,2093,2,542,215000
8158,884,1768,2,543,224900
9135,1700,1700,2,544,200000
9808,1573,1573,2,544,227000
11900,1411,1411,2,544,82500
9000,780,1375,1,544,141000
6970,1120,1120,1,544,129000
12692,3228,3228,3,546,430000
11751,1844,1844,2,546,190000
9531,882,1796,2,546,211000
10400,866,1779,2,546,197900
9600,832,1641,1,546,178000
11250,1208,1208,1,546,165000
8450,856,1710,2,548,208500
8172,997,1470,2,548,135000
9000,1184,2610,2,550,303477
12925,2117,2117,2,550,237500
12384,1142,1935,2,550,197900
11584,1040,1725,2,550,197000
12118,1710,1710,2,550,240000
10667,827,1661,2,550,212000
6240,1324,1324,2,550,254000
3316,1247,1247,1,550,197000
12046,1118,2030,2,551,195000
13811,1137,1137,2,551,176000
8004,832,1935,2,552,263435
8640,1314,1314,2,552,229456
5362,661,1250,2,552,139000
9800,894,894,1,552,149900
8795,980,2256,2,554,236000
12274,1428,1428,2,554,227680
10083,1200,1200,2,555,184900
10000,1220,2090,2,556,240000
7313,1561,1561,2,556,277500
10665,1479,1479,2,558,226000
13600,1422,2337,2,560,90000
11340,1246,2290,2,560,122500
12209,804,1961,2,560,215000
9297,1728,1728,2,560,188000
6240,959,1367,1,560,127500
8125,822,1665,2,562,205950
11275,1898,2978,2,564,242000
16692,1392,2784,3,564,250000
10186,1061,1923,2,564,190000
12435,963,1792,2,564,231500
6563,1742,1742,2,564,275000
8849,1684,1684,2,564,266000
8846,750,1500,2,564,173900
11777,1320,1320,1,564,164500
13500,1252,1252,1,564,235000
10395,1032,1032,2,564,148000
9069,996,996,1,564,147000
11645,860,1720,2,565,196500
5814,1360,1360,1,565,187500
18800,790,1574,2,566,190000
10800,1096,1466,2,566,170000
17500,1902,1902,2,567,335000
8089,1419,1419,2,567,392000
12800,1644,1644,2,569,275000
4274,1241,1241,1,569,199900
8487,1500,1500,2,570,190000
11040,897,1336,1,570,108000
9313,864,1728,2,572,190000
57200,1687,1687,1,572,160000
14585,1429,1429,1,572,181900
7134,1360,1360,1,572,130000
7200,1301,1301,2,572,187750
7200,1262,1262,2,572,185000
4224,1060,1060,1,572,129900
34650,1056,1056,1,572,145000
9945,988,988,1,572,128500
8172,864,864,1,572,115000
9196,1560,1560,2,573,201000
9100,1212,1212,2,573,178000
9938,1062,1949,2,574,236000
12640,1728,1728,2,574,150900
11287,1175,1982,2,575,228500
8125,1679,1679,2,575,193500
10380,1553,2730,2,576,301000
3964,1291,2521,2,576,151400
19378,1392,2462,2,576,320000
19900,2207,2207,2,576,180000
12615,2158,2158,2,576,243000
11075,1092,2112,2,576,206900
7804,1328,1981,2,576,135000
7399,975,1950,2,576,239000
7200,998,1762,1,576,157000
7658,1752,1752,2,576,319900
13101,1728,1728,2,576,142600
8400,1390,1694,2,576,136500
25000,1632,1632,2,576,143000
6120,1067,1539,1,576,141500
70761,1533,1533,2,576,280000
9236,1494,1494,2,576,217000
14175,1437,1437,1,576,168000
10175,1425,1425,2,576,180500
12090,1422,1422,2,576,175500
25339,1416,1416,2,576,112000
11457,1412,1412,2,576,175000
13560,1392,1392,1,576,110000
9830,1287,1287,1,576,162000
7438,936,1252,1,576,127000
13072,1158,1158,1,576,158000
11782,1155,1155,1,576,148000
7200,575,1135,1,576,155000
13695,1114,1114,1,576,159000
13695,1114,1114,1,576,155000
7420,1057,1057,1,576,132000
6979,1056,1056,0,576,144000
12464,1040,1040,1,576,152000
10970,1026,1026,1,576,147000
13568,990,990,1,576,156000
10530,981,981,1,576,143250
9873,960,960,1,576,129000
10780,954,954,1,576,132500
6000,936,936,1,576,93000
8064,672,924,1,576,122900
8846,914,914,1,576,148000
8872,912,912,1,576,147000
7200,900,900,1,576,134800
9600,893,893,1,576,135000
12735,864,864,1,576,111250
10500,864,864,1,576,97000
7252,858,858,1,576,134900
6120,854,854,1,576,132000
5062,1190,2090,2,577,207500
9473,1128,2031,2,577,237000
10335,1501,1501,2,577,204000
9382,1479,1479,2,577,191000
16492,1888,1888,2,578,190000
10769,866,1768,2,578,212000
10207,874,1761,3,578,227875
4920,1338,1338,2,582,213500
10448,1378,2119,2,583,158000
9750,1108,2097,2,583,274300
10140,1680,1680,2,583,213250
11367,1091,1989,2,586,255000
23595,1332,1524,0,586,260000
9179,882,1790,2,588,193000
8393,1712,1712,2,588,145000
12677,1518,1518,1,588,274000
14115,1472,1472,2,588,187500
16157,1432,1432,1,588,194000
10012,1181,1181,2,588,137500
7937,1003,1003,1,588,142500
12122,999,999,1,588,178400
13346,1166,2295,2,590,268000
12011,1086,1924,2,592,280000
14587,1506,1506,2,592,264132
12376,1699,3222,3,594,320000
7226,798,1640,2,595,183000
18450,1465,2380,2,596,129000
9571,1144,1144,1,596,129000
12137,1661,1661,2,598,224900
18890,1361,2620,2,600,190000
10200,1509,1509,2,600,175000
7032,943,943,1,600,135960
7200,894,894,1,600,123000
11029,1414,1414,1,601,176500
9101,1110,1110,1,602,165500
9803,866,1768,2,603,226700
12798,616,1688,2,603,200000
10400,1872,1872,2,604,241500
16285,1430,1430,2,605,187100
10159,1940,1940,2,606,395192
8400,1484,1484,2,606,213000
11250,920,1786,2,608,223500
5389,1616,1616,2,608,236500
11143,1580,2466,3,610,340000
8925,1466,1466,2,610,201000
16647,1701,1701,2,611,171000
12327,1496,2132,1,612,316600
10240,1686,1686,2,612,207500
9548,941,1829,2,613,237000
8125,778,1576,2,614,197000
8640,764,1547,2,614,215200
9375,912,2094,2,615,263000
8125,756,1553,2,615,186500
11717,1442,1442,2,615,185000
12416,1651,1651,2,616,184000
7820,1869,1869,2,617,318061
10142,956,2084,2,618,233000
12227,1542,2872,2,619,272000
11029,1512,2654,2,619,250000
10994,1844,1844,2,620,257000
9842,990,2601,3,621,189000
15865,2217,2217,2,621,268000
12984,1647,1647,2,621,217500
12420,944,1840,2,622,230000
10800,1548,2614,2,624,240000
7388,1327,1327,1,624,150750
5381,1306,1306,2,624,196000
6000,786,1176,1,624,134900
8480,970,970,1,624,132500
9100,864,864,1,624,129900
7244,768,768,1,624,129500
4017,625,1250,2,625,171900
7200,1040,1040,1,625,109500
8500,1422,1422,2,626,179600
5063,1314,1314,2,626,207500
5001,1314,1314,2,626,230000
4590,1554,1554,2,627,209500
26178,1238,2519,2,628,335000
6762,1208,1208,2,628,195400
8400,2020,2020,2,630,144000
14572,1530,1530,2,630,259000
9650,1334,1334,2,630,167900
7314,1232,1232,2,632,194500
7406,1220,1220,2,632,194000
6762,1208,1208,2,632,206000
10084,1694,1694,2,636,307000
9245,939,1797,2,639,213500
13682,1426,2945,3,641,438780
12665,1133,2482,2,642,281213
13006,993,2236,2,642,222000
9550,961,1717,1,642,140000
8640,932,1852,2,644,252678
9541,1502,1502,2,644,233170
9375,1057,2034,2,645,219500
12095,1445,1445,1,645,158000
9375,1284,2169,2,647,228500
11000,997,2285,2,648,248000
9375,1053,1992,2,648,250000
3982,1567,1567,2,648,264561
4045,1500,1500,2,648,246578
3922,1402,1402,0,648,194201
3922,1258,1258,2,648,172500
25286,1040,1040,1,648,132250
7050,1057,1929,2,650,226000
13159,846,1692,2,650,224500
9900,1372,2646,2,656,260000
11198,1134,2504,2,656,325000
11999,1234,2374,2,656,285000
14054,879,1863,2,660,219210
9066,1004,1852,2,660,230000
11645,1734,1734,2,660,260000
10998,984,1604,2,660,117000
8814,1604,1604,2,660,220000
3635,1569,1569,2,660,175900
3684,1555,1555,2,660,174000
12358,854,1382,1,660,128500
6960,864,864,1,660,120500
6762,1294,1294,2,662,193879
7500,814,1674,2,663,216000
15498,2898,2898,2,665,287000
14720,2053,3238,2,666,410000
12438,1264,2576,2,666,361919
9017,1431,1431,2,666,192000
15593,1304,2287,2,667,225000
14598,894,1933,2,668,214000
12822,1518,2149,1,670,239686
11423,1601,1601,2,670,272000
11764,1164,2270,2,671,290000
15863,1687,3082,2,672,197000
11526,1423,2555,2,672,191000
15431,2402,2402,2,672,555000
14762,1547,2320,2,672,169000
7301,495,1922,3,672,198500
10800,1221,1912,2,672,163000
7630,1032,1812,2,672,140000
7264,952,1548,2,672,205000
7931,1148,1148,1,672,132500
5925,1131,1131,1,672,89471
7819,1117,1117,1,672,107000
10859,1097,1097,1,672,145000
10434,1005,1005,1,672,115000
9245,990,990,1,672,145000
7200,936,936,1,672,140000
8791,864,1728,2,673,207500
8990,1498,1498,2,675,204900
12203,1276,2612,2,676,336000
14157,1922,1922,2,676,377426
9000,786,1590,2,676,210000
9360,1381,1381,1,676,197500
7862,1218,1218,2,676,208300
11228,1080,2097,2,678,228000
12552,991,1947,2,678,254900
12003,774,1968,2,680,269500
17120,1120,1588,2,680,134432
4923,1593,1593,1,682,286000
16226,1210,2452,2,683,267000
9337,905,1786,2,684,204750
7340,858,858,1,684,110000
15611,1079,1919,2,685,233230
10440,958,1539,2,686,157500
9675,1113,1971,2,689,253000
14859,1670,1670,2,690,240000
13418,1132,2452,3,691,309000
14303,1987,1987,2,691,301500
11170,1298,2514,2,693,250000
13693,2069,2643,2,694,380000
9200,1470,2630,2,696,315000
14684,2196,2196,2,701,271900
11923,1800,1800,2,702,239000
11248,1668,1668,2,702,285000
10800,1576,2554,1,704,159500
20431,1848,2728,2,706,437154
12378,1944,1944,2,708,360000
46589,1686,2448,2,711,402000
12256,1500,2622,2,712,325000
15306,1776,1776,2,712,283463
9819,1567,1567,2,714,196000
16056,1992,2868,3,716,556581
10357,1442,1442,2,719,179900
12665,876,1416,1,720,153900
8520,910,1385,2,720,166000
10800,1130,1130,1,720,120000
7200,864,864,1,720,129000
8235,825,825,1,720,125000
9950,1214,2520,2,721,290000
10991,1571,1571,2,722,239000
13688,1572,2668,2,726,412500
14450,2121,2121,2,732,415298
11924,1182,2324,3,736,345000
11050,1476,2153,2,736,313000
10927,1058,1904,2,736,275000
8834,1462,2224,2,738,350000
10402,1226,1226,2,740,198900
13474,1122,2243,2,746,225000
13214,2018,2018,2,746,378500
14781,1787,1787,2,748,275000
12244,1482,2262,2,749,305000
9572,1453,2810,2,750,302000
9000,1566,1566,2,750,262500
8973,1053,1053,1,750,150000
12257,1328,2531,2,752,290000
11065,1120,1970,2,753,281000
15256,1464,1464,2,754,282922
8712,1306,1306,1,756,153000
12461,1624,1624,2,757,262000
11302,1826,1826,2,758,319000
14892,1746,1746,2,758,377500
10206,1563,1563,2,758,245000
14601,1838,1838,2,765,315000
14331,1800,1800,2,765,312500
11070,1959,1959,3,766,171000
13286,1698,1698,2,768,320000
16737,1980,1980,2,770,315000
16033,1850,1850,2,772,326000
11478,1704,1704,2,772,306000
12444,1932,1932,2,774,394617
11694,1828,1828,2,774,314813
10475,1694,1694,2,776,245350
11216,1489,1489,2,776,232600
11700,708,1416,2,776,179900
14774,1422,2599,2,779,333168
11250,1149,2290,2,779,255900
9600,1095,1774,2,779,87000
10084,1552,1552,2,782,212900
7060,1344,1344,2,784,206300
13837,1377,2183,2,786,229000
9416,1726,1726,2,786,311872
12456,1718,1718,2,786,337500
11670,1905,1905,2,788,320000
10562,1610,2161,1,789,325624
9965,1282,2696,2,792,383970
8944,1584,1584,2,792,124000
25419,1360,3112,2,795,235000
14541,1352,2520,2,796,310000
8163,1144,1144,1,796,143000
10463,901,1801,2,800,239900
9520,1646,1646,2,800,293077
11400,2633,2633,2,804,466500
35760,1831,3627,3,807,625000
14536,1629,1629,2,808,270000
15138,1490,2794,2,810,403000
11003,1026,2007,2,812,310000
8100,1559,1559,1,812,153500
6600,816,816,1,816,138000
12030,1694,1694,2,818,318000
13518,1966,3140,3,820,485000
12919,2364,2364,2,820,611657
11957,1574,1574,2,824,232000
10000,1588,1588,2,825,227000
10637,1718,1718,2,826,297000
11096,1656,1656,2,826,249700
8556,1240,1240,2,826,194000
11932,1580,1580,2,830,235128
8963,1175,2715,3,831,299800
13125,912,2127,2,833,238000
11787,1383,2398,2,834,315750
11844,2046,2046,2,834,372500
11394,1856,1856,1,834,394432
8688,1616,1616,2,834,232000
14260,1145,2198,2,836,250000
11308,1130,2184,2,836,335000
10800,1050,2078,2,836,339750
10437,2113,2113,2,839,350000
10316,992,1865,2,839,235000
22950,1518,3608,2,840,475000
16259,1249,2596,3,840,342643
13173,1652,1652,2,840,325000
9262,1578,1578,2,840,287090
10652,1494,1494,2,840,279500
7350,952,952,1,840,139000
53504,1690,3279,3,841,538000
13478,1728,2296,2,842,451950
13704,1541,1541,2,843,205000
10120,1203,2526,2,844,290000
12474,1742,2332,2,846,426000
13891,2076,2076,2,850,465000
9591,1143,2473,2,852,317000
14215,1158,2376,3,853,325300
9430,1268,2365,2,856,337000
9591,1713,1713,2,856,274900
13265,1689,1689,2,857,271000
14948,1476,2713,2,858,446261
10226,1630,1630,2,860,295493
11362,1836,1836,2,862,280000
11700,1320,2640,1,864,265979
22420,1370,2624,2,864,239000
13501,1636,1636,2,865,255000
11210,1614,1614,2,865,221500
13891,1710,1710,2,866,372402
11428,1634,1634,2,866,250000
9588,1482,2574,2,868,276000
8760,1391,1962,2,868,239799
18386,1675,3493,3,870,295000
9452,1407,2392,2,870,348000
10656,1646,1646,2,870,248900
10625,1006,2046,2,871,284000
6270,1001,2002,2,871,145000
12099,1136,2468,2,872,354000
11846,1792,1792,2,874,374000
10240,1038,2098,2,878,275500
13500,1521,2775,3,880,325000
11443,2028,2028,2,880,369900
10655,1629,1629,2,880,284000
19296,1382,1382,1,884,176000
9230,1200,1200,1,884,146000
10386,2000,2000,2,888,305900
11475,1776,1776,2,888,110000
12328,1034,1034,1,888,169900
10208,1277,2344,2,889,265000
14230,1600,1600,2,890,256300
50271,1842,1842,0,894,385000
14226,1973,1973,2,895,395000
9986,1795,1795,2,895,147000
9612,1468,1468,2,898,244600
12220,2020,2020,2,900,402861
8125,1654,1654,2,900,230000
8750,1002,1002,1,902,148500
9240,1055,2263,2,905,287000
14977,1976,1976,2,908,440000
11146,1717,1717,2,908,255500
12898,1620,1620,2,912,315500
7407,1236,1236,1,923,149700
14778,1640,1640,1,924,224000
6900,778,778,1,924,120500
12085,1734,1734,2,928,318000
10625,1026,1958,2,936,250000
10410,694,1214,1,936,105000
14154,1071,2172,2,947,280000
9849,1689,1689,2,954,248328
11643,1338,2634,2,968,200000
13472,2392,2392,2,968,386250
10542,1325,2418,2,983,341000
35133,1572,1572,1,995,186700
14100,1968,3447,3,1014,381000
13891,1734,2822,3,1020,582933
9000,1088,1959,2,1025,270000
10574,1082,1953,2,1043,252000
9965,1466,2828,3,1052,424870
8769,1702,1702,1,1052,367294
10728,1095,1939,2,1053,266000
16545,1310,2450,2,1069,340000
20896,2097,2097,1,1134,423000
17423,2234,2234,2,1166,501837
14803,2084,2084,2,1220,385000
18000,894,894,1,1248,81000
32463,1622,1622,1,1356,168000
12704,2042,2042,2,1390,253293